Genus,Species,Brain mass (g),Body mass (g)
Sciurus,aberti,6.85,626.5
Cynomops,abrasus,0.418,33.3
Myoprocta,acouchy,9.9,782
Rhinolophus,acuminatus,0.302,12.1
Lagenorhynchus,acutus,1200,120000
Canis,adustus,56.5,12000
Myotis,adversus,0.2545,11.25
Tadarida,aegyptiaca,0.393,17.7
Rousettus,aegyptiacus,2.6,130
Phacochoerus,aethiopicus,125,65320
Chlorocebus,aethiops,66.1,3220
Chlorocebus,aethiops,66.3,5230
Chlorocebus,aethiops,36.54,1370
Chlorocebus,aethiops,60,1908
Orycteropus,afer,72,52500
Rhinolophus,affinis,0.3475,13.5
Ratufa,affinis,9.85,982.5
Coleura,afra,0.2585,11.5
Gerbilliscus,afra,1.56,65
Loxodonta,africana,4050,1793300
Loxodonta,africana,4420,3505000
Loxodonta,africana,9000,4380000
Loxodonta,africana,4000,5174400
Loxodonta,africana,5712,6654000
Loxodonta,africana,4480,2750000
Phacochoerus,africanus,132.5,67000
Atherurus,africanus,18.47,2685
Atherurus,africanus,25.3,3620
Cercocebus,agilis,95.3,4700
Hylobates,agilis,77,4536
Hylobates,agilis,76,5333
Hylobates,agilis,86.5,5670
Hylobates,agilis,96.9,4309
Hylobates,agilis,108.7,4879
Hylobates,agilis,83,4989
Hylobates,agilis,79.2,5443
Hylobates,agilis,81.5,5670
Hylobates,agilis,93,5897
Hylobates,agilis,98.9,5897
Hylobates,agilis,89,6350
Hylobates,agilis,87.5,7372
Dipodomys,agilis,1.34,61.4
Apodemus,agrarius,0.2,33.3
Microtus,agrestis,0.9,42.5
Microtus,agrestis,0.57,22.3
Microtus,agrestis,0.9,42.5
Myotis,albescens,0.126,4
Ichneumia,albicauda,28.3,4400
Ichneumia,albicauda,30,5000
Mystromys,albicaudatus,1.39,80
Cebus,albifrons,60.7,1470
Cebus,albifrons,65.2,1770
Eulemur,albifrons,22.3,1540
Lophocebus,albigena,89.6,2350
Lophocebus,albigena,104,7900
Neotoma,albigula,2.17,223.1
Lagenorhynchus,albirostris,1126,67500
Nyctimene,albiventer,0.825,29.7
Noctilio,albiventris,0.55,38.5
Atelerix,albiventris,2.24,280
Alces,alces,407,272160
Alces,alces,436,200000
Cyttarops,alecto,0.175,5.3
Pteropus,alecto,7.03967,595
Notomys,alexis,0.96,37
Atelerix,algirus,3.2,790
Neofiber,alleni,2.72,270.5
Myotis,altarium,0.24,11
Antilocapra,americana,130.2,34474
Antilocapra,americana,121,59000
Ursus,americanus,248,25990
Ursus,americanus,425,225000
Lepus,americanus,9.72,1500
Ovis,ammon,102.1,40000
Ovis,ammon,107,40000
Ovis,ammon,122,40000
Tamias,amoenus,1.39,50.8
Hippopotamus,amphibius,720,1351000
Hippopotamus,amphibius,590,1400000
Hippopotamus,amphibius,582,1755000
Arvicola,amphibius,1.64,168.3
Rousettus,amplexicaudatus,1.62725,80.38
Funisciurus,anerythrus,4.14,218
Tragelaphus,angasi,227,135000
Rousettus,angolensis,1.762,84.15
Colobus,angolensis,74.4,9670
Otomys,angoniensis,0.42,95
Myotis,annectans,0.221,9.8
Cryptomys,anselli,1.11,50
Cryptomys,anselli,1.22,54
Cryptomys,anselli,1.18,58
Cryptomys,anselli,1.21,66
Cryptomys,anselli,1.23,80
Cryptomys,anselli,1.21,50
Cryptomys,anselli,1.24,80
Cryptomys,anselli,1.21,81
Cryptomys,anselli,1.35,83
Cryptomys,anselli,1.33,100
Papio,anubis,161,5445
Papio,anubis,148,12900
Papio,anubis,182,4990
Papio,anubis,212.7,6810
Papio,anubis,174.7,16060
Papio,anubis,174.3,25600
Papio,anubis,201,25000
Cebus,apella,62.6,1810
Cebus,apella,70.8,2770
Cebus,apella,96.5,2520
Cebus,apella,57.7,2645
Cavia,aperea,2.8,88
Cavia,aperea,5.27,524.9
Scalopus,aquaticus,1.16,39.6
Scalopus,aquaticus,1.48,39.6
Scalopus,aquaticus,0.57,53
Sorex,araneus,0.25,7.5
Sorex,araneus,0.2,10.3
Sorex,arcticus,0.27,8.2
Lepus,arcticus,15.8,4231
Macaca,arctoides,99.8,7450
Macaca,arctoides,101.6,7810
Ursus,arctos,410.3,500000
Ursus,arctos,385,100500
Ursus,arctos,233.9,142880
Ursus,arctos,389,149688
Ursus,arctos,400,245000
Ursus,arctos,529,550000
Nycteris,arge,0.36,10.6
Heliophobius,argenteocinereus,1.43,160
Casinycteris,argynnis,0.92,40.5
Ovis,aries,106.5,52100
Ovis,aries,109,40230
Ovis,aries,125.9,32950
Hipposideros,armiger,0.76,73
Redunca,arundinum,135,47500
Redunca,arundinum,130,54000
Redunca,arundinum,135,60000
Redunca,arundinum,143,65000
Redunca,arundinum,147,65000
Redunca,arundinum,138,67000
Microtus,arvalis,0.57,30.4
Chrysochloris,asiatica,0.7,49
Equus,asinus,478,291000
Equus,asinus,371,211000
Equus,asinus,385,175000
Equus,asinus,453,200000
Macaca,assamensis,90.5,3655
Bassariscus,astutus,16.4,1500
Hipposideros,ater,0.198,5.83
Kerivoula,atrox,0.188,4.2
Stenella,attenuata,780,77000
Cercocebus,atys,105,3175
Cercocebus,atys,112,3629
Cercocebus,atys,108,3856
Cercocebus,atys,100,2250
Cercocebus,atys,85,2815
Cercocebus,atys,103,3090
Cercocebus,atys,92.6,7735
Sylvilagus,audubonii,6.07,792.5
Rhinonicteris,aurantia,0.249,8.65
Mesocricetus,auratus,1.12,125
Sciurus,aureogaster,7.81,595
Canis,aureus,84.7,18000
Eumops,auripendulus,0.612,33.8
Lonchorhina,aurita,0.377,18
Plecotus,auritus,0.238,6.6
Plecotus,auritus,0.23,8
Hemiechinus,auritus,1.9,250
Taphozous,australis,0.5035,22.9
Syconycteris,australis,0.592,15.84
Miniopterus,australis,0.2045,7.1
Pseudomys,australis,1.16,50
Axis,axis,219,88450
Peromyscus,aztecus,0.92,39.73
Pipistrellus,babu,0.097,4.8
Sylvilagus,bachmani,6.58,712.4
Camelus,bactrianus,540,450000
Piliocolobus,badius,78,7000
Chaetodipus,baileyi,0.73,28.3
Tapirus,bairdii,85,14260
Tapirus,bairdii,159,58100
Cephalopachus,bancanus,2.7,77.6
Cricetulus,barabensis,0.628,23.18
Cricetulus,barabensis,0.67,36
Eira,barbara,55.2,6000
Barbastella,barbastellus,0.185,6.2
Erignathus,barbatus,460,281000
Glauconycteris,beatrix,0.144,5.5
Mormopterus,beccarii,0.233,14.2
Myotis,bechsteini,0.25,7
Myotis,bechsteini,0.28,8
Otospermophilus,beecheyi,5.12,587.5
Oryx,beisa,280,107000
Urocitellus,beldingi,3.28,262.9
Hipposideros,bicolor,0.24,8.4
Wallabia,bicolor,32.7,16400
Ratufa,bicolor,11.01,1320
Diceros,bicornis,655,763000
Diceros,bicornis,926,764000
Tonatia,bidens,0.788,29.4
Saccopteryx,bilineata,0.22,8
Uroderma,bilobatum,0.53,16.4
Bison,bison,334,54800
Pontoporia,blainvillei,220,34900
Sphaerias,blanfordi,0.832,29.5
Hesperoptenus,blanfordi,0.158,7.3
Myotis,bocagei,0.21,7.6
Saimiri,boliviensis,24.1,750
Mus,booduga,0.31,14.6
Balaenoptera,borealis,4900,20000000
Lasiurus,borealis,0.17,7.7
Thomomys,bottae,1.41,140.7
Peromyscus,boylii,0.71,27.47
Platyrrhinus,brachycephalus,0.583,12.9
Lampronycteris,brachyotis,0.335,11.25
Cynopterus,brachyotis,0.88,29
Chrysocyon,brachyurus,134.3,24000
Setonix,brachyurus,17.5,3500
Dinomys,branickii,26.95,14000
Gerbilliscus,brantsii,1.56,91.7
Pteronura,brasiliensis,162.6,48000
Eptesicus,brasiliensis,0.19833,9.03
Sylvilagus,brasiliensis,4.5,439
Blarina,brevicauda,0.6,14
Blarina,brevicauda,0.3443,16.3
Blarina,brevicauda,0.352,18.8
Blarina,brevicauda,0.17,18
Kogia,breviceps,1012,305000
Geomys,breviceps,1.7,138.8
Cormura,brevirostris,0.219,8.2
Geomys,bursarius,2.83,108
Geomys,bursarius,1.35,175
Geomys,bursarius,2.04,202.1
Alcelaphus,buselaphus,269,99500
Alcelaphus,buselaphus,254,90000
Alcelaphus,buselaphus,250,155000
Alcelaphus,buselaphus,310,160000
Alcelaphus,buselaphus,357,165000
Alcelaphus,buselaphus,329,170000
Tragelaphus,buxtoni,330,280000
Syncerus,caffer,640,600000
Syncerus,caffer,378,300000
Syncerus,caffer,642,571880
Syncerus,caffer,640,600000
Syncerus,caffer,560,757000
Syncerus,caffer,653,759000
Syncerus,caffer,570,1000000
Hipposideros,caffer,0.32,10.7
Acomys,cahirinus,0.76,44
Hipposideros,calcaratus,0.369,11.35
Zalophus,californianus,363,100000
Lepus,californicus,13.23,2314.9
Microtus,californicus,0.78,43.3
Peromyscus,californicus,0.91,43.53
Giraffa,camelopardalis,420,300000
Giraffa,camelopardalis,509,450000
Giraffa,camelopardalis,544,480000
Giraffa,camelopardalis,680,529000
Giraffa,camelopardalis,712,600000
Giraffa,camelopardalis,655,600000
Giraffa,camelopardalis,426,810000
Giraffa,camelopardalis,700,1198000
Giraffa,camelopardalis,700,1220000
Raphicerus,campestris,51,11000
Raphicerus,campestris,57,11000
Raphicerus,campestris,44,12000
Raphicerus,campestris,54,12000
Raphicerus,campestris,48,6000
Raphicerus,campestris,49.5,8620
Raphicerus,campestris,48.5,10000
Raphicerus,campestris,52.5,10000
Raphicerus,campestris,56.5,10000
Raphicerus,campestris,47,10200
Raphicerus,campestris,48,11000
Dipodillus,campestris,0.9,27.5
Saccostomus,campestris,0.82,49.35
Lynx,canadensis,69.5,14969
Lynx,canadensis,75,12000
Lynx,canadensis,69.2,15000
Lontra,canadensis,63.8,10000
Cervus,canadensis,435,200000
Castor,canadensis,36.5,17600
Castor,canadensis,40,20000
Castor,canadensis,52.21,27670
Procyon,cancrivorus,61.5,4819.5
Procyon,cancrivorus,86.5,22000
Saccopteryx,canescens,0.13,3.4
Callosciurus,caniceps,6.02,240
Rhinolophus,capensis,0.256,12.8
Procavia,capensis,19.4,2275
Procavia,capensis,19,2760
Procavia,capensis,20,1930
Procavia,capensis,20.5,3800
Lepus,capensis,10.23,2930
Lepus,capensis,11.33,1895
Capreolus,capreolus,94.5,12706
Capreolus,capreolus,90,13154
Capreolus,capreolus,103.5,15422
Capreolus,capreolus,93,14062
Capreolus,capreolus,92,17000
Capreolus,capreolus,83,21000
Cebus,capucinus,65,1247
Cebus,capucinus,72,1750
Cebus,capucinus,65,1814
Cebus,capucinus,71.6,2718
Cebus,capucinus,66,930
Cebus,capucinus,75,1021
Cebus,capucinus,68,1126
Cebus,capucinus,74,1250
Cebus,capucinus,73.3,3833
Cebus,capucinus,72.18,3101
Cebus,capucinus,73,3700
Caracal,caracal,65.2,18000
Vampyrodes,caraccioli,0.947,39.7
Alouatta,caraya,55.8,7070
Alouatta,caraya,45.6,2955
Sciurus,carolinensis,6.44,300
Sciurus,carolinensis,6.7,312
Sciurus,carolinensis,6.83,321
Sciurus,carolinensis,7.02,364
Sciurus,carolinensis,7.5,399
Sciurus,carolinensis,7.6,404.5
Sciurus,carolinensis,6.55,410
Sciurus,carolinensis,7.84,445
Sciurus,carolinensis,7.03,468
Sciurus,carolinensis,8.22,470
Sciurus,carolinensis,7.7,502
Sciurus,carolinensis,6.8,510
Sciurus,carolinensis,8.95,522.5
Sciurus,carolinensis,7.7,401
Sciurus,carolinensis,7.2,438
Sciurus,carolinensis,7.15,459.5
Sciurus,carolinensis,7.67,502
Sciurus,carolinensis,7.58,514
Sciurus,carolinensis,8.25,595.5
Sciurus,carolinensis,6.49,367
Sciurus,carolinensis,7.48,466
Sciurus,carolinensis,7.58,469
Sciurus,carolinensis,7.17,574.5
Funisciurus,carruthersi,4.48,268
Carollia,castanea,0.4485,12.55
Lemur,catta,23.35,1246
Lemur,catta,22.3,1960
Lemur,catta,21.8,1960
Lemur,catta,22,2200
Lemur,catta,20.8,2350
Anoura,caudifer,0.4225,10.5
Brachyphylla,cavernarum,1.278,46.75
Ziphius,cavirostris,2004,2273000
Ametrida,centurio,0.29,10.5
Paraxerus,cepapi,2.85,216
Cercopithecus,cephus,57.5,1915
Cercopithecus,cephus,76,3508
Antilope,cervicapra,90,13500
Antilope,cervicapra,118,33500
Antilope,cervicapra,200,38500
Melomys,cervinipes,1.31,70
Hipposideros,cervinus,0.214,7.3
Pipistrellus,ceylonicus,0.182,10.1
Conepatus,chinga,21,2500
Hydromys,chrysogaster,4.33,698
Aethomys,chrysophilus,1.25,117
Neotoma,cinerea,2.65,331.3
Urocyon,cinereoargenteus,37.28,3749
Urocyon,cinereoargenteus,44.2,7000
Dermanura,cinereus,0.4685,12.4
Sorex,cinereus,0.17,3.9
Arielulus,circumdatus,0.23,10.4
Rhynchocyon,cirnei,6.1,490
Rhynchocyon,cirnei,5.7,525
Trachops,cirrhosus,0.9115,36.45
Civettictis,civetta,52,18000
Rhinolophus,clivosus,0.242,20.1
Rhinolophus,coelophyllus,0.259,7.7
Stenella,coeruleoalba,980,62000
Stenella,coeruleoalba,930,63000
Stenella,coeruleoalba,785,64000
Stenella,coeruleoalba,840,65000
Stenella,coeruleoalba,692,35000
Stenella,coeruleoalba,805,42000
Stenella,coeruleoalba,840,51000
Stenella,coeruleoalba,835,71000
Stenella,coeruleoalba,820,56300
Urocitellus,columbianus,3.5,453.6
Grammomys,cometes,0.96,40.7
Hipposideros,commersonii,0.74475,101.25
Puma,concolor,154,54432
Puma,concolor,174.2,105000
Artibeus,concolor,0.633,19.4
Mops,condylurus,0.42225,26.65
Pteropus,conspicillatus,8.35,750
Synaptomys,cooperi,0.59,23.8
Cardioderma,cor,0.6725,25.5
Rhinolophus,cornutus,0.194,6.6
Pipistrellus,coromandra,0.105,4.6
Nycticebus,coucang,13.6,885
Nycticebus,coucang,10.5,365
Nycticebus,coucang,14.4,572
Nycticebus,coucang,12.5,800
Nycticebus,coucang,7.88,965
Nycticebus,coucang,12.8,1230
Microgale,cowani,0.42,15.2
Myocastor,coypus,23,5000
Myocastor,coypus,17.09,7052
Otolemur,crassicaudatus,9.9,700
Pseudorca,crassidens,4307,2000000
Hypsugo,crassulus,0.132,6.1
Notiosorex,crawfordi,0.15,6
Mimon,crenulatum,0.34,14.8
Cricetus,cricetus,2.2,297
Peromyscus,crinitus,0.53,13.56
Capricornis,crispus,131.6,32900
Condylura,cristata,1.37,50
Hystrix,cristata,24.2,4763
Hystrix,cristata,37,11300
Crocuta,crocuta,175,62370
Crocuta,crocuta,177.8,80000
Galictis,cuja,19.4,1800
Oryctolagus,cuniculus,9.05,622
Oryctolagus,cuniculus,8.98,1411.8
Oryctolagus,cuniculus,9.6,2200
Oryctolagus,cuniculus,10.6,2217
Oryctolagus,cuniculus,13.7,2844
Leptonycteris,curasoae,0.55,24.5
Spalacopus,cyanus,1.58,93
Murina,cyclotis,0.265,7.88
Thylacinus,cynocephalus,43,14969
Papio,cynocephalus,162,5443
Papio,cynocephalus,172,7485
Papio,cynocephalus,179.5,10546
Chlorocebus,cynosuros,68.5,3880
Chlorocebus,cynosuros,72,2920
Phocoenoides,dalli,876,78400
Phocoenoides,dalli,760,70000
Phocoenoides,dalli,793,110000
Phocoenoides,dalli,948,115000
Phocoenoides,dalli,867,112000
Praomys,daltoni,0.68,35
Nanger,dama,149,52000
Nanger,dama,151,68000
Dama,dama,224.5,37195
Dama,dama,223,80000
Oryx,dammah,232,124000
Oryx,dammah,250,135000
Myotis,dasycneme,0.31,15
Dipodillus,dasyurus,1.32,20.5
Myotis,daubentonii,0.23,7
Pteronotus,davyi,0.31,10.6
Delphinus,delphis,685,52000
Delphinus,delphis,780,52000
Delphinus,delphis,815,59000
Delphinus,delphis,785,50000
Delphinus,delphis,790,50000
Delphinus,delphis,635,52000
Delphinus,delphis,824,54000
Delphinus,delphis,760,55000
Delphinus,delphis,875,58000
Delphinus,delphis,820,59000
Delphinus,delphis,830,61000
Delphinus,delphis,750,65000
Delphinus,delphis,842,66000
Delphinus,delphis,788,37000
Delphinus,delphis,757,49000
Delphinus,delphis,685,52000
Delphinus,delphis,765,52000
Delphinus,delphis,830,61000
Galagoides,demidoff,3.38,81
Mesoplodon,densirostris,1463,767000
Dipodomys,deserti,1.74,130.2
Heteromys,desmarestianus,1.08,72.2
Hipposideros,diadema,0.715,43.6
Choloepus,didactylus,28.2,5070
Eptesicus,dimissus,0.231,15
Scotophilus,dinganii,0.4385,24.3
Phyllostomus,discolor,0.89,33
Microgale,dobsoni,0.56,32.6
Gazella,dorcas,81.6,12170
Gazella,dorcas,66,15000
Gazella,dorcas,69,16000
Gazella,dorcas,68,16700
Gazella,dorcas,68,18400
Gazella,dorcas,81,19000
Pipistrellus,dormeri,0.143,6.8
Cephalophus,dorsalis,93,13000
Tamias,dorsalis,1.98,62.2
Erethizon,dorsatus,24.6,5397
Erethizon,dorsatus,24,6640
Camelus,dromedarius,762,400000
Diphylla,ecaudata,0.8015,31.05
Tenrec,ecaudatus,2.57,832
Tenrec,ecaudatus,3.1,982
Megaerops,ecaudatus,0.82233,24.67
Malacomys,edwardsi,1.18,60
Spalax,ehrenbergi,0.51,50
Spalax,ehrenbergi,1.88,197
Cervus,elaphus,229,73500
Cervus,elaphus,365,117000
Cervus,elaphus,411,125530
Cervus,elaphus,409.3,200000
Petaurista,elegans,7.76,924
Kobus,ellipsiprymnus,323,221000
Kobus,ellipsiprymnus,309,225000
Kobus,ellipsiprymnus,325,230000
Kobus,ellipsiprymnus,290,188200
Kobus,ellipsiprymnus,303,225000
Kobus,ellipsiprymnus,323,225000
Kobus,ellipsiprymnus,325,230000
Phyllostomus,elongatus,0.885,44.9
Rhinolophus,eloquens,0.4045,19.05
Semnopithecus,entellus,117,6647
Semnopithecus,entellus,111.5,7010
Hippotragus,equinus,395,215000
Hippotragus,equinus,397,225000
Hippotragus,equinus,395,240000
Hippotragus,equinus,364,245000
Hippotragus,equinus,405,220000
Hippotragus,equinus,403,232000
Hippotragus,equinus,403,235000
Hippotragus,equinus,363,250000
Hippotragus,equinus,363,250000
Hippotragus,equinus,381,280000
Hippotragus,equinus,381,280000
Peromyscus,eremicus,0.54,19.93
Mustela,erminea,5.2,400
Mustela,erminea,5.4,525
Mustela,erminea,5.3,450
Mustela,erminea,4.6,450
Mustela,erminea,3.47,121
Mustela,erminea,5.64,169.3
Mustela,erminea,4.6,179
Xerus,erythropus,6.68,722.5
Suncus,etruscus,0.08,2.2
Suncus,etruscus,0.062,2.28
Talpa,europaea,1.02,76
Talpa,europaea,1.5,77
Talpa,europaea,1.69,80.5
Mesoplodon,europaeus,2149,732000
Erinaceus,europaeus,3.23,453
Erinaceus,europaeus,2.26,372
Erinaceus,europaeus,3.5,448
Erinaceus,europaeus,3,497.8
Erinaceus,europaeus,3.5,515
Erinaceus,europaeus,3.6,669
Erinaceus,europaeus,3,690
Erinaceus,europaeus,3.77,697
Erinaceus,europaeus,6.5,718
Erinaceus,europaeus,3.35,860
Erinaceus,europaeus,3.5,918
Erinaceus,europaeus,3.5,920
Erinaceus,europaeus,3.3,925
Erinaceus,europaeus,3.3,985
Lepus,europaeus,14.35,1954
Lepus,europaeus,13.3,2850
Tragelaphus,eurycerus,389,253000
Tragelaphus,eurycerus,379,210000
Urogale,everetti,4.28,275
Rattus,exulans,0.89,60.3
Macaca,fascicularis,61.9,3360
Macaca,fascicularis,69.7,4310
Macaca,fascicularis,70,4740
Macaca,fascicularis,66,1210
Macaca,fascicularis,73.9,1425
Macaca,fascicularis,62.3,1980
Macaca,fascicularis,75.7,2050
Macaca,fascicularis,53.7,2490
Macaca,fascicularis,79,4035
Macaca,fascicularis,56,4302
Macaca,fascicularis,68,4302
Rhinolophus,ferrumequinum,0.35,23.5
Castor,fiber,45,25000
Eptesicus,flavescens,0.19,10.5
Apodemus,flavicollis,0.7,32.3
Marmota,flaviventris,10.29,5000
Lophuromys,flavopunctatus,1.01,60
Potos,flavus,35.1,1863
Potos,flavus,31.05,2620
Potos,flavus,31.2,1970
Perognathus,flavus,0.3,8.8
Neotoma,floridana,3.04,257.7
Sylvilagus,floridanus,7.56,1036
Podomys,floridanus,0.94,33.47
Sotalia,fluviatilis,688,42200
Neomys,fodiens,0.32,15.2
Neomys,fodiens,0.29,17.5
Martes,foina,23.4,2300
Chaetodipus,formosus,0.54,20.9
Myotis,fortidens,0.1325,4.35
Onychogalea,fraenata,12.7,2722
Onychogalea,fraenata,16.2,5216
Onychogalea,fraenata,13.5,1433
Trachypithecus,francoisi,86.7,9100
Trachypithecus,francoisi,102.1,9100
Poliocitellus,franklinii,3.82,455.5
Epomops,franqueti,2.213,118.25
Lavia,frons,0.644,23.4
Ailurus,fulgens,46.8,5590
Ailurus,fulgens,41.6,5600
Redunca,fulvorufula,109,31000
Redunca,fulvorufula,132,35000
Hipposideros,fulvus,0.236,7
Eulemur,fulvus,23.3,1400
Eulemur,fulvus,9.5,2000
Sorex,fumeus,0.21,8.9
Eptesicus,furinalis,0.1895,7.6
Ateles,fusciceps,108.8,9163
Ateles,fusciceps,118.4,8890
Elephantulus,fuscipes,1.33,57
Neotoma,fuscipes,2.66,193.3
Rattus,fuscipes,1.75,108.5
Rattus,fuscipes,1.63,135.5
Crocidura,fuscomurina,0.13,5.6
Eptesicus,fuscus,0.21433,11.23
Miniopterus,fuscus,0.265,11.4
Hipposideros,galeritus,0.279,10.4
Epomophorus,gambianus,4.3285,309
Cricetomys,gambianus,6.57,1150
Heliosciurus,gambianus,3.99,295
Platanista,gangetica,295,59000
Myodes,gapperi,0.56,16.9
Oryx,gazella,315,20000
Oryx,gazella,297,190000
Oryx,gazella,261,120000
Oryx,gazella,287,140000
Oryx,gazella,315,200000
Theropithecus,gelada,130,7710
Genetta,genetta,20.3,2700
Inia,geoffrensis,610,62400
Anoura,geoffroyi,0.583,15
Nyctophilus,geoffroyi,0.167,7.2
Ateles,geoffroyi,94.5,2268
Ateles,geoffroyi,107.7,4680
Ateles,geoffroyi,102.9,8912
Ateles,geoffroyi,91,1835
Ateles,geoffroyi,95.5,1920
Ateles,geoffroyi,95,2155
Ateles,geoffroyi,82,2268
Ateles,geoffroyi,107.6,4760
Ateles,geoffroyi,117,7787
Ateles,geoffroyi,107,7630
Ateles,geoffroyi,109,7640
Ateles,geoffroyi,108,8000
Saguinus,geoffroyi,8.85,453
Saguinus,geoffroyi,12.39,567
Saguinus,geoffroyi,12.39,482
Saguinus,geoffroyi,10.62,510
Saguinus,geoffroyi,12.39,510
Saguinus,geoffroyi,10.5,546
Saguinus,geoffroyi,10,546
Saguinus,geoffroyi,24,903
Saguinus,geoffroyi,19.9,793
Gerbillus,gerbillus,3.4,95
Neurotrichus,gibbsii,0.91,10
Pteropus,giganteus,7.5,323
Pteropus,giganteus,6.2,325
Pteropus,giganteus,7.3,380
Pteropus,giganteus,10.01,382
Pteropus,giganteus,6.8,395
Pteropus,giganteus,6.3,405
Pteropus,giganteus,7,414
Pteropus,giganteus,7.78,577
Macroderma,gigas,1.7,120
Heterocephalus,glaber,0.52,60.8
Lama,glama,203.56,37888
Lama,glama,203.89,37958
Lama,glama,208.31,41476
Lama,glama,185.74,41639
Lama,glama,244.12,60131
Lama,glama,262.48,64595
Lama,glama,249.29,65705
Lama,glama,233.61,67484
Lama,glama,268.04,69008
Lama,glama,300.61,72460
Lama,glama,238.12,72494
Lama,glama,267.05,77428
Lama,glama,273.72,81470
Lama,glama,261.46,83176
Lama,glama,250.15,85094
Lama,glama,281.19,85724
Lama,glama,273.72,89536
Lama,glama,273.72,92278
Lama,glama,261.46,93691
Lama,glama,232.70,95324
Lama,glama,293.22,95455
Lama,glama,255.56,95477
Lama,glama,243.61,103181
Lama,glama,243,104300
Lama,glama,257.04,106930
Lama,glama,257.51,107127
Lama,glama,249.75,109597
Lama,glama,200.3,60000
Lama,glama,225,93000
Myodes,glarelus,0.52,17.9
Dermanura,glauca,0.476,12.2
Eumops,glaucinus,0.6565,36.85
Gerbillus,gleadowi,0.69,26.1
Chiropodomys,gliroides,0.7,25.3
Glis,glis,1.9,148
Tupaia,glis,2.02,145
Tupaia,glis,3.15,150
Tupaia,glis,3.2,170
Connochaetes,gnou,305,150000
Choeroniscus,godmani,0.34,6.1
Gorilla,gorilla,490.2,90000
Gorilla,gorilla,379.17,90000
Gorilla,gorilla,574,188250
Gorilla,gorilla,574.2,188250
Gorilla,gorilla,477.1,188250
Gorilla,gorilla,500,105000
Gorilla,gorilla,406,140000
Peromyscus,gossypinus,0.68,27.2
Peromyscus,gossypinus,0.68,28.25
Chalinolobus,gouldii,0.24,11.7
Mesembriomys,gouldii,4.59,1110
Sciurus,granatensis,5.91,400
Nycteris,grandis,0.7355,29.4
Peromyscus,grandis,1.53,77.32
Nanger,granti,143,41000
Nanger,granti,173,55000
Nanger,granti,135,40000
Nanger,granti,143,41000
Nanger,granti,137,61000
Cynomops,greenhalli,0.3,17.5
Sylvicapra,grimmia,73,11000
Sylvicapra,grimmia,69,12000
Sylvicapra,grimmia,83,12500
Sylvicapra,grimmia,84,14000
Sylvicapra,grimmia,96,15000
Sylvicapra,grimmia,57,6000
Sylvicapra,grimmia,73,11000
Sylvicapra,grimmia,67.5,11500
Sylvicapra,grimmia,87,16000
Grampus,griseus,2551,400000
Pagophilus,groenlandicus,442,107000
Pagophilus,groenlandicus,297,127500
Dicrostonyx,groenlandicus,0.8983,52.1
Dicrostonyx,groenlandicus,0.72,68.4
Peromyscus,guatemalensis,1.16,52.83
Microtus,guentheri,0.69,51.3
Colobus,guereza,83.9,10281.25
Cynomys,gunnisoni,5.16,796.3
Pteronotus,gymnonotus,0.343,13.6
Hoplomys,gymnurus,4.13,330
Hipposideros,halophyllus,0.152,4
Papio,hamadryas,142,12020
Papio,hamadryas,183,20700
Rhinopoma,hardwickei,0.275,12.9
Harpiocephalus,harpia,0.442,13.5
Ammospermophilus,harrisii,2.24,138.8
Enchisthenes,hartii,0.5105,14.2
Myotis,hasseltii,0.188,7.5
Phyllostomus,hastatus,1.53175,90
Scotophilus,heathi,0.476,31.5
Dipodomys,heermanni,1.37,60
Platyrrhinus,helleri,0.42,11.6
Eidolon,helvum,4.4325,266.75
Odocoileus,hemionus,188.3,33113
Paradoxurus,hermaphroditus,28.2,2500
Paradoxurus,hermaphroditus,23.7,3047
Paradoxurus,hermaphroditus,22.9,3100
Rhinolophus,hildebrandti,0.63,29.1
Taphozous,hildegardeae,0.5425,27.45
Aethomys,hindei,1.42,146.3
Beamys,hindei,1.11,89.75
Rhinolophus,hipposideros,0.16,4.6
Rhinolophus,hipposideros,0.31,9.7
Capra,hircus,115,27660
Capra,hircus,106,30000
Pusa,hispida,255,39680
Pusa,hispida,251,39460
Nycteris,hispida,0.284,7.8
Sigmodon,hispidus,1.14,132.5
Sigmodon,hispidus,1.18,148
Chaetodipus,hispidus,0.68,39
Choloepus,hoffmanni,26,5271
Choloepus,hoffmanni,23.07,4825
Furipterus,horrens,0.127,3.43
Cynopterus,horsfieldii,1.23,53
Myotis,horsfieldii,0.197,6.3
Iomys,horsfieldii,3.38,155.5
Cryptomys,hottentotus,1.17,98.4
Oryzorictes,hova,0.58,44.2
Sorex,hoyi,0.107,2.6
Sorex,hoyi,0.08,3.5
Tamiasciurus,hudsonicus,3.82,102.5
Tamiasciurus,hudsonicus,3.94,123
Tamiasciurus,hudsonicus,3.97,139
Tamiasciurus,hudsonicus,3.87,145
Tamiasciurus,hudsonicus,4,147
Tamiasciurus,hudsonicus,4.1,158
Tamiasciurus,hudsonicus,4.21,169
Tamiasciurus,hudsonicus,4.2,179
Tamiasciurus,hudsonicus,5.02,248
Tamiasciurus,hudsonicus,4.09,63
Tamiasciurus,hudsonicus,4.05,140
Tamiasciurus,hudsonicus,4.43,152.5
Tamiasciurus,hudsonicus,4.02,173.5
Tamiasciurus,hudsonicus,3.97,183
Tamiasciurus,hudsonicus,4.71,183
Tamiasciurus,hudsonicus,4.103,159
Tamiasciurus,hudsonicus,3.83,188.9
Zapus,hudsonius,0.6961,19.3
Zapus,hudsonius,0.522,15.2
Zapus,hudsonius,0.43,17.9
Conepatus,humboldtii,16.7,2500
Meriones,hurrianae,0.97,71.3
Murina,huttoni,0.258,8.8
Hyaena,hyaena,112.7,55000
Hydrochoerus,hydrochaeris,51,7800
Hydrochoerus,hydrochaeris,75,28500
Hydrochoerus,hydrochaeris,76,29500
Ochotona,hyperborea,2.22,120
Pteropus,hypomelanus,5.302,390
Herpestes,ichneumon,35.2,8000
Tragelaphus,imberbis,214,140000
Hypsugo,imbricatus,0.137,6.3
Xerus,inauris,7.65,400
Acrocodia,indica,265,201000
Acrocodia,indica,250,225000
Tatera,indica,1.84,139.7
Ratufa,indica,11.6,1010
Ratufa,indica,11.4,1935
Indri,indri,38.3,6250
Dobsonia,inermis,2.7,149.5
Miniopterus,inflatus,0.3265,15.05
Platyrrhinus,infuscus,1.11,50.2
Geocapromys,ingrahami,4.46,717.3
Napaeozapus,insignis,0.48,23.2
Elephantulus,intufi,1.14,49
Ia,io,0.761,53.3
Otomys,irroratus,1.38,141
Callithrix,jacchus,8.5,298
Callithrix,jacchus,6.95,95
Callithrix,jacchus,8,320
Callithrix,jacchus,7.2,169
Callithrix,jacchus,7.6,187
Callithrix,jacchus,9,221
Callithrix,jacchus,6.7,225
Callithrix,jacchus,7.2,235
Callithrix,jacchus,9,242
Callithrix,jacchus,7.6,280
Callithrix,jacchus,7.3,1550
Jaculus,jaculus,1.21,55.4
Jaculus,jaculus,1.85,73
Artibeus,jamaicensis,0.93,37.5
Nycteris,javanica,0.475,17.7
Tragulus,javanicus,15.85,2037
Pipistrellus,javanicus,0.119,4.5
Chaerephon,jobensis,0.36,16.5
Okapia,johnstoni,475,240000
Acinonyx,jubatus,114.3,65000
Mormopterus,jugularis,0.22,11.5
Cercopithecus,kandti,71.6,7350
Madoqua,kirki,31.5,4800
Madoqua,kirki,34.2,3700
Madoqua,kirki,29,4200
Madoqua,kirki,34.5,4500
Madoqua,kirki,31.5,4800
Madoqua,kirki,32,5400
Madoqua,kirki,37,5500
Madoqua,kirki,37,6000
Madoqua,kirki,35,4300
Madoqua,kirki,35,5100
Madoqua,kirkii,37,4570
Kobus,kob,204,110000
Kobus,kob,204,125000
Pipistrellus,kuhlii,0.166,6.3
Scotophilus,kuhlii,0.34233,19.6
Epomophorus,labiatus,1.58867,64.1
Vulpes,lagopus,44.5,3385
Vulpes,lagopus,47.8,8000
Lagothrix,lagotricha,86.2,5260
Lagothrix,lagotricha,92.5,2550
Lagurus,lagurus,0.42,20.1
Micropotamogale,lamottei,0.8,64.2
Rhinolophus,landeri,0.276,9.65
Avahi,laniger,10.49,1285
Chinchilla,laniger,5.25,432
Hipposideros,lankadiva,0.733,48.5
Hylobates,lar,102,5500
Hylobates,lar,102,5700
Hipposideros,larvatus,0.4165,19.85
Nasalis,larvatus,97,14000
Callospermophilus,lateralis,3.01,166.1
Rhinosciurus,laticaudatus,4.28,240
Canis,latrans,84.24,8510
Canis,latrans,109.9,22000
Kobus,leche,223,120000
Kobus,leche,225,120000
Kobus,leche,220,125000
Hipposideros,lekaguli,0.584,30.3
Lemmus,lemmus,0.86,68.9
Panthera,leo,229.2,124000
Panthera,leo,258,190800
Panthera,leo,259.5,84000
Panthera,leo,299,220000
Macaca,leonina,90,2050
Rhinolophus,lepidus,0.18833,5.6
Dasyprocta,leporina,19.1,1724.5
Dasyprocta,leporina,20,2684
Dasyprocta,leporina,21,2935
Dasyprocta,leporina,22.78,3000
Noctilio,leporinus,1.26,58.5
Spermophilopsis,leptodactylus,6.18,495
Saccopteryx,leptura,0.1605,4.9
Ammotragus,lervia,209.5,56700
Ammotragus,lervia,210,66000
Delphinapterus,leucas,2354,303230
Delphinapterus,leucas,1971,340000
Delphinapterus,leucas,1871,656500
Delphinapterus,leucas,2349,441310
Delphinapterus,leucas,2083,636000
Spalax,leucodon,3,122
Peromyscus,leucopus,0.6,21.21
Peromyscus,leucopus,0.63,25.5
Mops,leucostigma,0.39,26.5
Ammospermophilus,leucurus,2.33,105.9
Cynomys,leucurus,5.69,992.1
Paramelomys,levipes,1.86,83.4
Hexaprotodon,liberiensis,260,150000
Sturnira,lilium,0.52,17.1
Platyrrhinus,lineatus,0.741,22.6
Urocyon,littoralis,37.3,3760
Artibeus,lituratus,1.05,58.7
Oligoryzomys,longicaudatus,0.67,26.6
Microtus,longicaudus,0.7,47.4
Taphozous,longimanus,0.47,23.2
Perognathus,longimembris,0.34,8.3
Stenella,longirostris,450,33600
Glossophaga,longirostris,0.435,11.2
Procyon,lotor,33.55,2226
Procyon,lotor,40.5,4536
Procyon,lotor,36.1,5000
Procyon,lotor,42.7,5216
Procyon,lotor,27.4,4309
Procyon,lotor,40,5175
Procyon,lotor,41.6,5270
Procyon,lotor,74.8,20000
Penthetor,lucasi,0.9475,35
Myotis,lucifugus,0.16133,8
Rhinolophus,luctus,0.5905,33.9
Sturnira,ludovici,0.676,25.9
Cynomys,ludovicianus,6.01,793.5
Cynomys,ludovicianus,4.96,1250
Damaliscus,lunatus,288,135000
Damaliscus,lunatus,259,150000
Damaliscus,lunatus,260,80000
Damaliscus,lunatus,295,135000
Damaliscus,lunatus,228,60000
Damaliscus,lunatus,324,82000
Canis,lupus,92.3,25000
Canis,lupus,115.5,29030
Canis,lupus,152,29940
Canis,lupus,119,22680
Canis,lupus,183.7,78000
Lutra,lutra,74.1,16500
Rattus,lutreolus,1.64,92.7
Enhydra,lutris,114,30000
Pteropus,lylei,6.19,296
Pteropus,lylei,5.92,307
Pteropus,lylei,6.3,324
Pteropus,lylei,5.65,283.5
Pteropus,lylei,6.1,284
Pteropus,lylei,6.33,322
Pteropus,lylei,6.41,383.5
Megaderma,lyra,0.8935,35.3
Eulemur,macaco,25.5,1899
Eulemur,macaco,21.8,2170
Eulemur,macaco,24.5,1290
Eulemur,macaco,22,1940
Eulemur,macaco,24,2148.5
Mesophylla,macconnelli,0.3445,7.55
Notopteris,macdonaldi,1.45275,70.18
Physeter,macrocephalus,7818,37093000
Macrophyllum,macrophyllum,0.321,8.6
Peropteryx,macrotis,0.1566,5.4
Nycteris,macrotis,0.389,14.5
Pteropus,macrotis,6.127,366
Rhinolophus,macrotis,0.208,6.3
Isoodon,macrourus,0.18,8.61
Pogonomys,macrourus,1.43,73.9
Genetta,maculata,19.4,2600
Balionycteris,maculata,0.51067,14.33
Dasyurus,maculatus,5.35,420
Dasyurus,maculatus,4.07,355
Daubentonia,madagascariensis,45.15,2800
Hipposideros,maggietaylorae,0.5425,20.5
Miniopterus,magnater,0.324,15
Pteropus,mahaganus,5.28,465
Cheirogaleus,major,6.8,450
Helarctos,malayanus,385.5,45020
Helarctos,malayanus,265,65000
Rhinolophus,malayanus,0.202,6.4
Trichechus,manatus,340,425000
Trichechus,manatus,364,756000
Peromyscus,maniculatus,0.52,17.2
Peromyscus,maniculatus,0.69,24
Peromyscus,maniculatus,0.57,21.65
Ursus,maritimus,507,317000
Ursus,maritimus,269,69860
Ursus,maritimus,500,250000
Ursus,maritimus,616.6,470000
Antidorcas,marsupialis,132,35000
Antidorcas,marsupialis,143,36000
Antidorcas,marsupialis,146,36000
Antidorcas,marsupialis,118,22000
Antidorcas,marsupialis,129,22500
Antidorcas,marsupialis,123.5,37000
Antidorcas,marsupialis,145,37000
Antidorcas,marsupialis,132,38000
Antidorcas,marsupialis,140,38000
Antidorcas,marsupialis,142,38000
Antidorcas,marsupialis,138,38200
Antidorcas,marsupialis,130,40000
Antidorcas,marsupialis,140,40000
Antidorcas,marsupialis,138,44000
Antidorcas,marsupialis,144,46000
Didelphis,marsupialis,3.9,438
Didelphis,marsupialis,4.8,470
Didelphis,marsupialis,5.2,698
Didelphis,marsupialis,4.8,1147
Didelphis,marsupialis,5.8,1370
Didelphis,marsupialis,6.3,1700
Martes,martes,21.5,2500
Otomops,martiensseni,0.7555,41.75
Macaca,maura,86.1,5110
Macaca,maura,89.2,5110
Macaca,maura,96.5,5110
Macaca,maura,95.1,9450
Macaca,maura,105.5,9450
Macaca,maura,191,4860
Macaca,maura,72,7400
Taphozous,mauritianus,0.5505,29
Elephas,maximus,4048,2047000
Elephas,maximus,4717,3048000
Elephas,maximus,6075,2128000
Elephas,maximus,4550,2267430
Elephas,maximus,5220,3216000
Elephas,maximus,5000,3450400
Elephas,maximus,5045,2547000
Lagostomus,maximus,8.8,3854
Lagostomus,maximus,16.52,4687.5
Philantomba,maxwellii,37.5,3130
Philantomba,maxwellii,35.4,3160
Philantomba,maxwellii,38,3357
Philantomba,maxwellii,41.1,3780
Tamiops,mcclellandii,1.95,39
Cryptomys,mechowi,2.25,102
Cryptomys,mechowi,2.21,104
Cryptomys,mechowi,2.32,106
Cryptomys,mechowi,2.45,129
Cryptomys,mechowi,2.21,142
Cryptomys,mechowi,2.4,147
Cryptomys,mechowi,1.98,179
Cryptomys,mechowi,2.36,187
Cryptomys,mechowi,2.83,189
Cryptomys,mechowi,2.09,255
Cheirogaleus,medius,3.6,181
Cheirogaleus,medius,3.3,181
Cheirogaleus,medius,3.14,177
Microdipodops,megacephalus,0.6,14.1
Mormoops,megalophylla,0.42,15.6
Peromyscus,megalops,1.12,66.2
Otocyon,megalotis,26.09,3335
Otocyon,megalotis,28.5,3200
Otocyon,megalotis,32.7,5000
Micronycteris,megalotis,0.274,6.5
Reithrodontomys,megalotis,0.4,10.7
Rhinolophus,megaphyllus,0.2605,9.8
Rhinolophus,mehelyi,0.31,9.7
Aepyceros,melampus,200,51000
Aepyceros,melampus,215,60000
Aepyceros,melampus,200,62000
Aepyceros,melampus,165,43000
Aepyceros,melampus,172,47000
Aepyceros,melampus,195.5,53500
Aepyceros,melampus,175,57610
Aepyceros,melampus,160,60000
Aepyceros,melampus,161,78000
Aepyceros,melampus,165,38000
Aepyceros,melampus,165,42000
Aepyceros,melampus,150,58000
Aepyceros,melampus,153,65000
Aepyceros,melampus,152,70000
Peromyscus,melanocarpus,1.03,58.8
Chironax,melanocephalus,0.612,17.63
Ailuropoda,melanoleuca,226,37500
Peromyscus,melanophrys,0.94,45
Taphozous,melanopogon,0.536,22.7
Melonycteris,melanops,1.288,47.45
Raphicerus,melanotis,55,10100
Raphicerus,melanotis,59,11200
Peromyscus,melanotis,0.63,39.6
Pteropus,melanotus,10.6,1261.4
Globicephala,melas,2673,1061000
Meles,meles,88.5,22700
Moschiola,meminna,15.5,1845
Moschiola,meminna,18.1,1973
Moschiola,meminna,17,2020
Moschiola,meminna,17.1,2150
Moschiola,meminna,17.1,2368
Moschiola,meminna,16,4600
Mephitis,mephitis,10,2260
Mephitis,mephitis,10.3,1700
Mephitis,mephitis,19.7,4700
Limnogale,mergulus,1.15,92
Peromyscus,merriami,0.56,20.72
Dipodomys,merriami,0.39,35
Dipodomys,merriami,1.05,37.8
Canis,mesomelas,46,2850
Canis,mesomelas,54.8,8000
Canis,mesomelas,71,14000
Peromyscus,mexicanus,0.99,46.55
Peromyscus,mexicanus,1.04,46.55
Rhinopoma,microphyllum,0.4035,27.1
Dipodomys,microps,1.21,59.9
Neotoma,micropus,2.66,378.3
Leopoldamys,milleti,4.22,332.1
Pipistrellus,mimus,0.094,3.9
Macroglossus,minimus,0.607,17.03
Tamias,minimus,1.6,45.3
Platanista,minor,164,18300
Choeroniscus,minor,0.389,9.6
Tupaia,minor,2.58,70
Micronycteris,minuta,0.286,6.9
Sorex,minutus,0.15,3.9
Sorex,minutus,0.11,5.3
Micromys,minutus,0.29,6.4
Mesoplodon,mirus,2355,929000
Cercopithecus,mitis,75,6300
Callicebus,moloch,19,900
Molossus,molossus,0.26,13
Dobsonia,moluccensis,4.43,325
Cercopithecus,mona,67,3001
Pithecia,monachus,35,1500
Marmota,monax,11,3051
Marmota,monax,10.65,4198.5
Eulemur,mongoz,25.8,1305
Eulemur,mongoz,23.1,1565
Eulemur,mongoz,23.2,1808
Monodon,monoceros,2997,1578330
Hypsignathus,monstrosus,3.3,330
Hypsignathus,monstrosus,3.4,347
Microtus,montanus,0.69,39.7
Cephalophus,monticola,43.5,5300
Cephalophus,monticola,39,4500
Emballonura,monticola,0.163,5.4
Sorex,monticolus,0.23,6.3
Myotis,montivagus,0.17,8.3
Mops,mops,0.4725,30.95
Lonchophylla,mordax,0.432,10.7
Chalinolobus,morio,0.1845,8.35
Praomys,morio,0.84,46.5
Rattus,morotaiensis,1.92,134.1
Desmana,moschata,4,440
Neotragus,moschatus,32,3200
Neotragus,moschatus,36,3500
Hylobates,muelleri,85,6011
Hylobates,muelleri,95,6123
Hylobates,muelleri,99.4,6454
Hylobates,muelleri,91,6804
Hylobates,muelleri,84.4,4876
Hylobates,muelleri,108.5,5443
Hylobates,muelleri,101.8,5700
Hylobates,muelleri,97.4,6228
Macaca,mulatta,78,2040
Macaca,mulatta,80,2795
Macaca,mulatta,93.1,3627
Macaca,mulatta,85.2,4880
Macaca,mulatta,100,2041
Macaca,mulatta,90,2722
Macaca,mulatta,91.7,3292
Macaca,mulatta,90.7,5210
Macaca,mulatta,53.7,3300
Macaca,mulatta,84.6,5980
Macaca,mulatta,93,7800
Macaca,mulatta,107,8700
Mungos,mungo,14.7,2500
Muntiacus,muntjak,124,16000
Muntiacus,muntjak,125,16600
Myotis,muricola,0.125,4.95
Vespertilio,murinus,0.445,33.3
Suncus,murinus,0.39,35
Microcebus,murinus,1.78,54
Microcebus,murinus,1.9,62
Balaenoptera,musculus,6700,33682000
Balaenoptera,musculus,6800,58059000
Balaenoptera,musculus,6500,98112000
Balaenoptera,musculus,6917,101605000
Mus,musculus,0.39,16.5
Mus,musculus,0.48,18.2
Mus,musculus,0.5,14.75
Mus,musculus,0.45,16.85
Mus,musculus,0.42,19.5
Mus,musculus,0.42,19.5
Mus,musculus,0.424,18.92
Mus,musculus,0.43,20.85
Mus,musculus,0.43,20.85
Mus,musculus,0.45,24
Mus,musculus,0.475,24.32
Galea,musteloides,2.72,375
Myotis,myotis,0.48,25
Myotis,myotis,0.525,32
Myotis,mystacinus,0.155,4
Myotis,mystacinus,0.16,4
Elephantulus,myurus,1.37,64
Massoutiera,mzabi,2.32,182.6
Micaelamys,namaquensis,0.89,79.4
Nycteris,nana,0.239,6.95
Pipistrellus,nanus,0.1,3.9
Gerbillus,nanus,0.6,14
Tragulus,napu,18.5,2510
Tragulus,napu,18.3,2670
Nasua,narica,44.17,6250
Rhynchonycteris,naso,0.11,4.3
Addax,nasomaculatus,185,107000
Addax,nasomaculatus,218,120000
Nasua,nasua,34,3175
Nasua,nasua,41,3200
Nasua,nasua,52.7,11000
Cephalophus,natalensis,83,12500
Cephalophus,natalensis,66,10500
Mastomys,natalensis,0.72,50
Myotis,nattereri,0.22,7
Ammospermophilus,nelsoni,2.31,70
Pygathrix,nemaeus,77,7500
Macaca,nemestrina,103,2287
Macaca,nemestrina,117,6625
Pteropus,neohibernicus,9.114,840
Ardops,nichollsi,0.61,15
Hippotragus,niger,282,165000
Hippotragus,niger,282,165000
Saguinus,niger,8.4,225
Sciurus,niger,8.85,401
Sciurus,niger,7.7,403
Sciurus,niger,8.95,522.5
Sciurus,niger,8.4,584
Sciurus,niger,9.2,650
Sciurus,niger,9.15,559
Sciurus,niger,9.05,578
Sciurus,niger,7.2,328
Sciurus,niger,6.5,365
Sciurus,niger,6.9,365
Sciurus,niger,8.95,580
Sciurus,niger,9.2,650
Sciurus,niger,8.72,809.9
Macaca,nigra,97.5,3452
Myotis,nigricans,0.12,4.5
Lepus,nigricollis,11.49,1961
Cephalophus,nigrifrons,84,11000
Cephalophus,nigrifrons,86,14000
Cephalophus,nigrifrons,79,15000
Scotophilus,nigrita,1.046,101
Callosciurus,nigrovittatus,4.44,202
Arvicanthis,niloticus,1.33,84.5
Rattus,niobe,1.1,42.1
Megaerops,niphanae,0.958,32.6
Rattus,nitidus,1.7,101
Mustela,nivalis,2.14,200
Leptonycteris,nivalis,0.5855,22.9
Mops,niveiventer,0.432,21.7
Nyctalus,noctula,0.36,25
Rattus,norvegicus,7.3,254
Rattus,norvegicus,2.38,339
Rattus,norvegicus,8.75,465
Callosciurus,notatus,4.91,209.5
Megaptera,novaeangliae,6439,39311330
Dasypus,novemcinctus,9.5,2086
Dasypus,novemcinctus,14.2,3701
Dasypus,novemcinctus,14,4593
Dasypus,novemcinctus,7.5,3401
Dasypus,novemcinctus,12,3700
Dasypus,novemcinctus,7.54,5000
Lagenorhynchus,obliquidens,1079,79000
Lagenorhynchus,obliquidens,1046,70000
Lagenorhynchus,obliquidens,1136,100000
Lagenorhynchus,obliquidens,1286,110000
Lagenorhynchus,obliquidens,1140,90000
Trachypithecus,obscurus,65.5,5800
Microtus,ochrogaster,0.71,43.8
Saguinus,oedipus,10,333
Saguinus,oedipus,9.7,370
Saguinus,oedipus,9.2,370
Saguinus,oedipus,10,411
Saguinus,oedipus,9.4,205
Saguinus,oedipus,9.2,221
Saguinus,oedipus,10,380
Saimiri,oerstedii,25,603
Saimiri,oerstedii,25.3,907
Saimiri,oerstedii,19.9,607
Cebus,olivaceus,69,1490
Cebus,olivaceus,72.5,2684.5
Panthera,onca,147,34470
Orcinus,orca,6052,3273000
Orcinus,orca,5617,2049000
Dipodomys,ordii,1.38,54
Microtus,oregoni,0.52,22
Oreotragus,oreotragus,62,14000
Oreotragus,oreotragus,54,11000
Oreotragus,oreotragus,59.5,11000
Jaculus,orientalis,2.5,98
Tremarctos,ornatus,314,140000
Scotomanes,ornatus,0.384,21.8
Sorex,ornatus,0.12,5
Taurotragus,oryx,534,900000
Taurotragus,oryx,530,550000
Taurotragus,oryx,480,560000
Ourebia,ourebi,55,12500
Ourebia,ourebi,56,14000
Ourebia,ourebi,50,15000
Ourebia,ourebi,62,15000
Ourebia,ourebi,57,15200
Ourebia,ourebi,70,16000
Cuniculus,paca,48,4559
Cuniculus,paca,21.85,3627
Cuniculus,paca,35.8,5635
Eptesicus,pachyotis,0.158,6.6
Tylonycteris,pachypus,0.077,4.6
Gerbillurus,paeba,0.84,24
Alouatta,palliata,54.05,6577
Alouatta,palliata,53.45,7938
Alouatta,palliata,42.3,3119
Alouatta,palliata,50.34,6174
Alouatta,palliata,54,7670
Tamias,palmeri,1.99,60.8
Atilax,paludinosus,31.8,4000
Sorex,palustris,0.31,11.9
Oryzomys,palustris,0.88,47.1
Tamias,panamintinus,1.83,51.2
Ateles,paniscus,101.2,5220
Ateles,paniscus,106.5,5040
Ateles,paniscus,108.3,2035
Ateles,paniscus,108.8,2305
Ateles,paniscus,120,2550
Pan,paniscus,337,34000
Kerivoula,papillosa,0.31,10.1
Papio,papio,177,4080
Papio,papio,174.5,4763
Papio,papio,179,32000
Rhinolophus,paradoxolophus,0.267,9.3
Solenodon,paradoxus,4.67,900
Leopardus,pardalis,62.7,8618
Leopardus,pardalis,63.5,10433
Leopardus,pardalis,75.3,20000
Genetta,pardina,15.4,1032
Panthera,pardus,135,48000
Panthera,pardus,157,46300
Panthera,pardus,196,80000
Macropus,parma,17.4,3760
Pteronotus,parnellii,0.5315,19.1
Urocitellus,parryii,5.74,958
Urocitellus,parryii,5.63,878
Urocitellus,parryii,5.14,744.6
Cryptotis,parva,0.12,5.3
Rhogeessa,parvula,0.111,4.35
Dolichotis,patagonum,30.5,8000
Erythrocebus,patas,91.5,4800
Erythrocebus,patas,94.5,4800
Erythrocebus,patas,97,9740
Erythrocebus,patas,110,9740
Erythrocebus,patas,108,7800
Rhinolophus,pearsoni,0.332,13.9
Tayassu,pecari,139.6,32233
Tayassu,pecari,152,32233
Kerivoula,pellucida,0.203,4.1
Chaetodipus,penicillatus,0.47,16
Martes,pennanti,46.5,7000
Funambulus,pennantii,2.1,85.9
Microtus,pennsylvanicus,0.6464,22.9
Microtus,pennsylvanicus,0.6724,32.5
Microtus,pennsylvanicus,0.6606,23.7
Microtus,pennsylvanicus,0.7166,25.2
Microtus,pennsylvanicus,0.7394,27.9
Microtus,pennsylvanicus,0.77,37.3
Eumops,perotis,0.802,47.5
Triaenops,persicus,0.2705,13.7
Pteronotus,personatus,0.234,7.8
Carollia,perspicillata,0.47,16
Petaurista,petaurista,11.8,1600
Petaurista,petaurista,11.73,2023
Rhynchocyon,petersi,5.4,370
Dermanura,phaeotis,0.448,11.8
Kerivoula,phalaena,0.116,3
Caluromys,philander,3.1,384
Neophocaena,phocaenoides,422,34000
Neophocaena,phocaenoides,468,32400
Phocoena,phocoena,1735,142430
Phocoena,phocoena,477,52300
Phocoena,phocoena,537,55500
Phocoena,phocoena,537,55500
Ototylomys,phyllotis,1.33,63
Balaenoptera,physalus,7111.43,33221430
Lycaon,pictus,138,30000
Liomys,pictus,0.77,46.5
Capromys,pilorides,10.55,3429
Capromys,pilorides,11.1,2782.5
Capromys,pilorides,11.9,4989.5
Microtus,pinetorum,0.56,24.9
Isthmomys,pirrensis,1.71,138
Cynomops,planirostris,0.185,7.25
Mus,platythrix,0.5,29.2
Monophyllus,plethodon,0.4125,14.9
Chaerephon,plicata,0.385,20.5
Glauconycteris,poensis,0.205,8.6
Grammomys,poensis,0.96,50.2
Pteropus,poliocephalus,7.2298,695
Peromyscus,polionotus,0.42,13.32
Surdisorex,polulus,0.4,18.6
Colobus,polykomos,96,6800
Hipposideros,pomona,0.233,6.2
Cavia,porcellus,3.32,214.94
Cavia,porcellus,3.8,324
Cavia,porcellus,3.63,351
Cavia,porcellus,4,432
Cavia,porcellus,3.28,214.57
Cavia,porcellus,4.1,361
Cavia,porcellus,4.23,456
Cavia,porcellus,3.77,248
Cavia,porcellus,3.8,265
Cavia,porcellus,3.65,295
Cavia,porcellus,4.7,301
Cavia,porcellus,4.15,305
Cavia,porcellus,4.28,337
Cavia,porcellus,6.4,348
Cavia,porcellus,4.5,353
Cavia,porcellus,4.6,415
Cavia,porcellus,4.8,451
Cavia,porcellus,4.75,491
Cavia,porcellus,4.57,513
Cavia,porcellus,4.9,544
Cavia,porcellus,4.1,648
Cavia,porcellus,4.35,700
Cavia,porcellus,4.28,971
Axis,porcinus,142,30000
Perodicticus,potto,11.3,1100
Perodicticus,potto,10.9,538
Perodicticus,potto,14,1150
Dobsonia,praedatrix,2.97488,190.52
Myoprocta,pratti,9.9,780
Myoprocta,pratti,10.93,900
Callosciurus,prevostii,6.52,439
Ochotona,princeps,2.39,169
Zapus,princeps,0.5,24.5
Hypsugo,pulveratus,0.143,5.3
Pteromyscus,pulverulentus,3.55,400
Rhinophylla,pumilio,0.356,8.9
Rhabdomys,pumilio,0.69,39.71
Chaerephon,pumilus,0.274,12.09
Chaerephon,pumilus,0.29,13.3
Eptesicus,pumilus,0.122,5.45
Dasyprocta,punctata,18.34,3172
Vampyressa,pusilla,0.394,8.55
Micropteropus,pusillus,0.82,25.2
Rhinolophus,pusillus,0.164,4.7
Miniopterus,pusillus,0.216,8.6
Mustela,putorius,7.87,915
Mustela,putorius,12.9,2100
Damaliscus,pygargus,254.6,62500
Chlorocebus,pygerythrus,67,4600
Cebuella,pygmaea,4.8,129.5
Cebuella,pygmaea,4.5,140
Nycticebus,pygmaeus,7.8,480
Pongo,pygmaeus,322,32659
Pongo,pygmaeus,326,32659
Pongo,pygmaeus,291,34019
Pongo,pygmaeus,267,34474
Pongo,pygmaeus,279,35834
Pongo,pygmaeus,274.5,36287
Pongo,pygmaeus,283,36288
Pongo,pygmaeus,304,36741
Pongo,pygmaeus,344,37195
Pongo,pygmaeus,394.1,38500
Pongo,pygmaeus,360,38500
Pongo,pygmaeus,340.5,39917
Pongo,pygmaeus,287.5,44452
Pongo,pygmaeus,347.5,49895
Pongo,pygmaeus,371,54431
Pongo,pygmaeus,368,63503
Pongo,pygmaeus,326,72575
Pongo,pygmaeus,398.3,74700
Pongo,pygmaeus,287,74700
Pongo,pygmaeus,397.8,74700
Pongo,pygmaeus,422,79379
Pongo,pygmaeus,384,83915
Pongo,pygmaeus,359,86183
Pongo,pygmaeus,395,90720
Pongo,pygmaeus,343,36900
Gerbillus,pyramidum,0.88,40.9
Gerbillus,pyramidum,1.04,65
Galemys,pyrenaicus,1.33,57.5
Funisciurus,pyrropus,4.38,200
Tamias,quadrimaculatus,2.16,82.3
Tamias,quadrivittatus,1.7,62.3
Equus,quagga,612,250000
Equus,quagga,555,297050
Equus,quagga,541,254990
Equus,quagga,643,317500
Emballonura,raffrayana,0.174,5.9
Paranyctimene,raptor,0.731,26.1
Rattus,rattus,1.27,99.5
Rattus,rattus,1.59,200
Redunca,redunca,109,31700
Redunca,redunca,130,50000
Urocitellus,richardsonii,3.17,316
Hipposideros,ridleyi,0.269,9.65
Myotis,riparius,0.173,7.95
Nyctimene,robinsoni,1.23067,47.03
Rhinolophus,robinsoni,0.2785,8.5
Tylonycteris,robustula,0.116,7.6
Eschrichtius,robustus,4316.67,30000000
Leontopithecus,rosalia,12.7,570
Leontopithecus,rosalia,15.1,570
Leontopithecus,rosalia,11.7,502.5
Leontopithecus,rosalia,12.7,407
Odobenus,rosmarus,1126,667000
Desmodus,rotundus,0.936,28
Desmodus,rotundus,0.86,30
Hipposideros,ruber,0.265,7.3
Paramelomys,rubex,1.27,49.7
Eulemur,rubriventer,24.9,1015
Uranomys,ruddi,0.77,33.6
Vulpes,rueppellii,31.6,3000
Aplodontia,rufa,5.86,680
Aplodontia,rufa,7.04,806
Ochotona,rufescens,2.75,250
Melomys,rufescens,1.29,54.7
Lepilemur,ruficaudatus,7.6,915
Eudorcas,rufifrons,89,25000
Eudorcas,rufifrons,102,25000
Eudorcas,rufifrons,101,28000
Dremomys,rufigenis,5.41,240
Heliosciurus,rufobrachium,5.75,326
Myodes,rufocanus,0.61,38.3
Macropus,rufogriseus,39,12425
Lynx,rufus,65,6350
Molossus,rufus,0.48,28.1
Molossus,rufus,0.50533,31.67
Rupicapra,rupicapra,115,25000
Rupicapra,rupicapra,118.5,26500
Rupicapra,rupicapra,120,30000
Crocidura,russula,0.19,9.9
Crocidura,russula,0.19,11
Myodes,rutilus,0.56,17.6
Xerus,rutilus,5.09,317.5
Heliosciurus,ruwenzorii,5.4,291
Chlorocebus,sabaeus,59.85,3062
Chlorocebus,sabaeus,57,2898
Chlorocebus,sabaeus,64,3159
Chlorocebus,sabaeus,71.9,3630
Chlorocebus,sabaeus,80,4082
Chlorocebus,sabaeus,74.8,1440
Chlorocebus,sabaeus,81.5,3000
Glaucomys,sabrinus,3.01,174
Saccolaimus,saccolaimus,0.6705,43
Chiroderma,salvini,0.787,24.3
Liomys,salvini,0.77,44.9
Pteropus,samoensis,5.792,310
Nycticeius,sanborni,0.158,9.1
Homo,sapiens,1100,37000
Homo,sapiens,1240,43000
Homo,sapiens,1350,43000
Homo,sapiens,1300,44000
Homo,sapiens,1140,45000
Homo,sapiens,1160,46000
Homo,sapiens,1084,52000
Homo,sapiens,1270,52000
Homo,sapiens,1138,52000
Homo,sapiens,1351,57000
Homo,sapiens,1200,61000
Homo,sapiens,1180,63000
Homo,sapiens,1280,36300
Homo,sapiens,1270,42000
Homo,sapiens,1375,43400
Homo,sapiens,1190,45000
Homo,sapiens,1400,49900
Homo,sapiens,1480,50000
Homo,sapiens,1310,51000
Homo,sapiens,1500,51000
Homo,sapiens,1570,56000
Homo,sapiens,1248,57200
Homo,sapiens,1490,61000
Homo,sapiens,1310,65800
Homo,sapiens,1411,68000
Homo,sapiens,1365,71200
Homo,sapiens,1365,73000
Homo,sapiens,1377,74000
Homo,sapiens,1360,74300
Homo,sapiens,1410,74800
Homo,sapiens,1460,75000
Homo,sapiens,1250,75000
Homo,sapiens,1300,75000
Homo,sapiens,1251,75000
Homo,sapiens,1348,76200
Homo,sapiens,1540,78500
Homo,sapiens,1274,79400
Homo,sapiens,1130,81600
Homo,sapiens,1350,81600
Homo,sapiens,1420,83000
Homo,sapiens,1265,86200
Homo,sapiens,1235,95000
Homo,sapiens,1300,65000
Homo,sapiens,1330,65000
Pteropus,scapulatus,5.36,375
Myopus,schisticolor,0.56,33.5
Micronycteris,schmidtorum,0.308,7.8
Miniopterus,schreibersi,0.29,12.7
Tonatia,schulzi,0.51,21.3
Saimiri,sciureus,23.1,580
Saimiri,sciureus,25,720
Saimiri,sciureus,23.5,328.5
Saimiri,sciureus,21.2,365
Holochilus,sciureus,1.41,112.3
Tragelaphus,scriptus,140,35380
Tragelaphus,scriptus,190,53070
Tragelaphus,scriptus,145,27600
Tragelaphus,scriptus,127,45500
Sus,scrofa,110.92,10474
Sus,scrofa,126.65,15157
Sus,scrofa,130.80,17791
Sus,scrofa,138.58,31131
Sus,scrofa,151.01,32203
Sus,scrofa,182.56,52905
Sus,scrofa,173.66,56781
Sus,scrofa,155.49,59580
Sus,scrofa,172.46,60954
Sus,scrofa,180.63,62101
Sus,scrofa,185.87,64953
Sus,scrofa,160.58,67143
Sus,scrofa,180.05,74285
Sus,scrofa,181.34,78850
Sus,scrofa,169.8,86773
Sus,scrofa,259,89400
Sus,scrofa,197.65,102000
Sus,scrofa,185,147000
Emballonura,semicaudata,0.184,7
Hemicentetes,semispinosus,0.83,110
Proechimys,semispinosus,3,450
Proechimys,semispinosus,10.74,639.5
Galago,senegalensis,5,200
Galago,senegalensis,4.8,186
Galago,senegalensis,3.2,210
Galago,senegalensis,7.9,515
Alouatta,seniculus,48.5,1170
Alouatta,seniculus,44,2725
Alouatta,seniculus,47,2930
Eptesicus,serotinus,0.31,23.4
Leptailurus,serval,54.1,11340
Leptailurus,serval,67.6,18000
Setifer,setosus,1.51,248
Abeomelomys,sevia,1.49,61.4
Euphractus,sexcinctus,15.92,2930
Euphractus,sexcinctus,33.5,7990
Allactaga,sibirica,3.5,193
Marmota,sibirica,18.1,1890
Lophuromys,sikapusi,1.13,60.7
Myotis,siligorensis,0.103,3.46
Felis,silvestris,32.6,5000
Felis,silvestris,28.48,2700
Felis,silvestris,45.6,7700
Tonatia,silvicola,0.756,32.3
Kogia,sima,622,168500
Molossus,sinaloae,0.435,19.2
Macaca,sinica,87.5,3855
Macaca,sinica,56.2,1720
Macaca,sinica,60.1,2220
Leopoldamys,siporanus,3.39,332.7
Herpestes,smithii,19.7,4000
Macroglossus,sobrinus,0.692,21.7
Rattus,sordidus,1.7,120.67
Glossophaga,soricina,0.39,11.2
Hylopetes,spadiceus,1.87,87.5
Megaderma,spasma,0.667,23.8
Tamias,speciosus,1.86,59.9
Dipodomys,spectabilis,1.7,142.5
Vampyrum,spectrum,2.8685,181
Pectinator,spekei,1.93,180
Tragelaphus,spekii,145,42000
Tragelaphus,spekii,170,55000
Eonycteris,spelaea,1.18,50
Hipposideros,speoris,0.284,11.5
Cynopterus,sphinx,1.061,42.4
Mandrillus,sphinx,159.2,11500
Galea,spixii,6.5,672
Tachyoryctes,splendens,1.88,234
Lionycteris,spurrelli,0.352,7.55
Phylloderma,stenops,1.338,46.1
Pipistrellus,stenopterus,0.247,15.8
Rhinolophus,stheno,0.285,8.5
Aselliscus,stoliczkanus,0.15,4.9
Strepsiceros,strepsiceros,331,270000
Strepsiceros,strepsiceros,429,292000
Tragelaphus,strepsiceros,331,270000
Tragelaphus,strepsiceros,429,290000
Lemniscomys,striatus,0.85,46.2
Tamias,striatus,2.17,94.3
Chrysochloris,stuhlmanni,0.74,39.8
Chrysochloris,stuhlmanni,1.37,60.3
Pipistrellus,subflavus,0.125,5.3
Bathyergus,suillus,3.75,1175
Bassariscus,sumichrasti,41.9,2722
Nyctomys,sumichrasti,1.08,60
Suricata,suricatta,14,1700
Thryonomys,swinderianus,13.28,1625
Macaca,sylvanus,87.7,11200
Apodemus,sylvaticus,0.58,18.6
Apodemus,sylvaticus,0.59,21.6
Pogonomys,sylvestris,1.13,41.2
Symphalangus,syndactylus,128,11793
Symphalangus,syndactylus,139.5,12701
Symphalangus,syndactylus,138.7,11450
Symphalangus,syndactylus,133,12744
Pecari,tajacu,74,7930
Pecari,tajacu,101,19618
Pecari,tajacu,123.5,29000
Microgale,talazaci,0.79,50.4
Thomomys,talpoides,1.98,120.7
Viverra,tangalunga,30.4,3200
Rangifer,tarandus,278,71700
Rangifer,tarandus,285,62140
Rangifer,tarandus,306,128470
Rangifer,tarandus,288,105000
Loris,tardigradus,5.9,322
Loris,tardigradus,5.5,322
Loris,tardigradus,6.6,322
Tarsius,tarsier,3.6,125
Saiga,tatarica,91.6,40000
Connochaetes,taurinus,382,171000
Connochaetes,taurinus,362,164000
Connochaetes,taurinus,372,176000
Connochaetes,taurinus,443,212230
Taxidea,taxus,53,6000
Taxidea,taxus,66.6,10000
Echinops,telfairi,0.62,87.5
Pteropus,temmincki,4.89,250
Molossops,temminckii,0.181,6.8
Pipistrellus,tenuis,0.113,5.2
Aeromys,tephromelas,10.34,1189
Xerospermophilus,tereticaudus,1.82,156.6
Tamandua,tetradactyla,30,5030
Tamandua,tetradactyla,25,3692
Nycteris,thebaica,0.2785,8.95
Taphozous,theobaldi,0.681,39.8
Ursus,thibetanus,308.2,120000
Hsunycteris,thomasi,0.3435,7.2
Rhinolophus,thomasi,0.233,9
Megadontomys,thomasi,1.26,111
Eudorcas,thomsoni,85,17000
Eudorcas,thomsoni,89,17000
Eudorcas,thomsoni,96,17000
Eudorcas,thomsoni,74,17500
Eudorcas,thomsoni,91,21000
Eudorcas,thomsoni,88,23000
Eudorcas,thomsoni,91,23500
Eudorcas,thomsonii,91.8,24370
Craseonycteris,thonglongyai,0.087,2.56
Genetta,tigrina,15.35,1525
Genetta,tigrina,18.9,3000
Leopardus,tigrinus,26.9,2800
Panthera,tigris,225,160000
Panthera,tigris,302,209000
Panthera,tigris,282.2,216000
Panthera,tigris,298.5,280000
Sturnira,tildae,0.7255,24
Lepus,timidus,13.49,2716
Lepus,timidus,16.7,3833
Nyctophilus,timoriensis,0.254,10.9
Dermanura,tolteca,0.544,16.45
Pteropus,tonganus,6.075,428.75
Myonycteris,torquata,1.1585,36.4
Cheiromeles,torquatus,1.366,168.5
Dicrostonyx,torquatus,0.84,73
Scapanus,townsendii,2.02,70
Microtus,townsendii,0.88,45.8
Tamias,townsendii,2.44,89.4
Urocitellus,townsendii,2.06,199
Sphaeronycteris,toxophyllum,0.537,17.55
Nycteris,tragata,0.46,14.4
Boselaphus,tragocamelus,255.5,125000
Boselaphus,tragocamelus,288,125000
Thyroptera,tricolor,0.23,4.5
Myotis,tricolor,0.259,13.6
Aselliscus,tricuspidatus,0.134,4.4
Myrmecophaga,tridactyla,58.8,15000
Myrmecophaga,tridactyla,84,18940
Bradypus,tridactylus,13.5,1800
Bradypus,tridactylus,24.9,4097
Ictidomys,tridecemlineatus,2.4,115
Ictidomys,tridecemlineatus,2.43,175
Ictidomys,tridecemlineatus,2.2,200
Asellia,tridens,0.24,12.8
Rhinolophus,trifoliatus,0.351,14.8
Lemmus,trimucronatus,1.312,48
Lemmus,trimucronatus,0.9,69.6
Chiroderma,trinitatum,0.537,13.7
Miniopterus,tristis,0.333,15.6
Tscherskia,triton,1.29,25
Aotus,trivirgatus,17.2,630
Aotus,trivirgatus,17.2,720
Aotus,trivirgatus,13.2,848.4
Aotus,trivirgatus,15.5,480
Aotus,trivirgatus,17.1,830
Hybomys,trivirgatus,1.1,57.5
Pan,troglodytes,343.9,40300
Pan,troglodytes,229.2,40300
Pan,troglodytes,407.5,40300
Pan,troglodytes,314.3,40300
Pan,troglodytes,348.1,40300
Pan,troglodytes,327.8,40300
Pan,troglodytes,332.9,40300
Pan,troglodytes,312.9,40300
Pan,troglodytes,325,43990
Pan,troglodytes,384,49450
Pan,troglodytes,364.6,49450
Pan,troglodytes,395.3,49450
Pan,troglodytes,341.2,49450
Pan,troglodytes,377.2,49450
Pan,troglodytes,440,56690
Pan,troglodytes,360,45000
Pan,troglodytes,405,46000
Sorex,trowbridgii,0.21,5.3
Peromyscus,truei,0.75,27.35
Tursiops,truncatus,1383,60000
Tursiops,truncatus,1588,102000
Tursiops,truncatus,1296,120000
Tursiops,truncatus,1540,63000
Tursiops,truncatus,1389,95000
Tursiops,truncatus,1555,100000
Tursiops,truncatus,1600,155000
Tursiops,truncatus,1530,165000
Murina,tubinaris,0.217,5.45
Praomys,tullbergi,0.86,37.2
Rhogeessa,tumida,0.1055,5.05
Natalus,tumidirostris,0.245,6.9
Rattus,tunneyi,1.41,76.2
Hipposideros,turpis,0.599,34.8
Glischropus,tylopus,0.099,4.95
Panthera,uncia,214.8,130000
Urocitellus,undulatus,4.84,725.3
Meriones,unguiculatus,1.13,57.4
Cabassous,unicinctus,23.68,3930
Rusa,unicolor,383,116000
Callorhinus,ursinus,347,28000
Callorhinus,ursinus,367,181000
Melursus,ursinus,267,136080
Melursus,ursinus,294.3,200000
Sorex,vagrans,0.17,5.3
Pteropus,vampyrus,9,1152
Pteropus,vampyrus,10.7,1191.9
Pteropus,vampyrus,10.4,1225
Pteropus,vampyrus,10.6,1262.5
Varecia,variegata,24,1250
Varecia,variegata,30,2040
Varecia,variegata,32,2720
Varecia,variegata,31.3,3062
Varecia,variegata,31.5,3000
Bradypus,variegatus,18,3774
Bradypus,variegatus,15,2894
Bradypus,variegatus,15.1,3121
Myotis,velifer,0.2,8.9
Potamogale,velox,3.931,640
Potamogale,velox,4.16,660
Vulpes,velox,31.9,3000
Rattus,verecundus,1.48,59.4
Propithecus,verreauxi,26.7,3480
Lipotes,vexillifer,558,180000
Vicugna,vicgna,198,45000
Chiroderma,villosum,0.706,24.8
Odocoileus,virginianus,127.4,34927
Odocoileus,virginianus,129,39010
Odocoileus,virginianus,174.7,33566
Odocoileus,virginianus,210,65090
Odocoileus,virginianus,160,40000
Lagidium,viscacia,14.3,1395
Lagidium,viscacia,16,2252
Lagidium,viscacia,15.2,2350
Lagidium,viscacia,14.8,3845
Neovison,vison,7.90,269
Neovison,vison,7.91,284
Neovison,vison,7.73,289
Neovison,vison,7.67,302
Neovison,vison,7.36,316
Neovison,vison,7.75,323
Neovison,vison,7.96,324
Neovison,vison,8.50,329
Neovison,vison,7.51,332
Neovison,vison,7.70,338
Neovison,vison,8.32,339
Neovison,vison,8.63,339
Neovison,vison,8.13,347
Neovison,vison,8.50,354
Neovison,vison,8.24,354
Neovison,vison,7.91,355
Neovison,vison,9.10,365
Neovison,vison,7.94,370
Neovison,vison,8.29,373
Neovison,vison,9.30,375
Neovison,vison,8.58,378
Neovison,vison,8.88,381
Neovison,vison,7.94,382
Neovison,vison,8.50,390
Neovison,vison,8.10,391
Neovison,vison,8.30,392
Neovison,vison,8.90,417
Neovison,vison,8.74,427
Neovison,vison,8.54,439
Neovison,vison,9.08,460
Neovison,vison,9.73,490
Neovison,vison,10.27,509
Neovison,vison,9.98,514
Neovison,vison,10.25,525
Neovison,vison,10.57,526
Neovison,vison,10.72,537
Neovison,vison,9.75,538
Neovison,vison,10.08,538
Neovison,vison,10.43,550
Neovison,vison,10.76,589
Neovison,vison,9.79,591
Neovison,vison,10.19,591
Neovison,vison,11.64,592
Neovison,vison,10.98,602
Neovison,vison,10.59,606
Neovison,vison,9.79,633
Neovison,vison,10.51,634
Neovison,vison,10.06,636
Neovison,vison,11.57,647
Neovison,vison,11.01,648
Neovison,vison,10.23,649
Neovison,vison,10.53,649
Neovison,vison,10.55,663
Neovison,vison,9.83,682
Neovison,vison,11.03,683
Neovison,vison,10.21,707
Neovison,vison,10.80,724
Neovison,vison,10.80,742
Neovison,vison,10,1500
Galictis,vittata,18.6,1900
Platyrrhinus,vittatus,1.175,36.6
Phoca,vitulina,214.5,11113
Phoca,vitulina,259,12701
Phoca,vitulina,225,13835
Phoca,vitulina,214.5,12247
Phoca,vitulina,229.5,13154
Phoca,vitulina,442,107300
Nyctimene,vizcaccia,0.988,35.4
Glaucomys,volans,1.65,51
Glaucomys,volans,1.84,55
Glaucomys,volans,2.1,60.5
Glaucomys,volans,1.92,58.3
Glaucomys,volans,2,59
Glaucomys,volans,1.96,61.5
Glaucomys,volans,1.92,64
Glaucomys,volans,1.8,78.7
Glaucomys,volans,1.89,52
Glaucomys,volans,1.71,73.1
Pteromys,volans,1.92,64
Sciurus,vulgaris,6.1,323
Sciurus,vulgaris,6.23,327
Sciurus,vulgaris,5.75,331.8
Trichosurus,vulpecula,9.7,1371.5
Trichosurus,vulpecula,12.27,4196
Trichosurus,vulpecula,11,1898
Trichosurus,vulpecula,12.9,3175
Trichosurus,vulpecula,8.97,825
Trichosurus,vulpecula,11.4,1620
Vulpes,vulpes,53.3,4625
Vulpes,vulpes,43.6,2550
Vulpes,vulpes,46.8,2910
Vulpes,vulpes,50.5,4235
Vulpes,vulpes,54,4293.529412
Vulpes,vulpes,48,6000
Vulpes,vulpes,40,9000
Vulpes,vulpes,58.5,10000
Epomophorus,wahlbergi,1.96133,81.51
Litocranius,walleri,130,41500
Litocranius,walleri,180,75000
Leptonychotes,weddellii,550,400000
Leptonychotes,weddellii,520,400000
Acomys,wilsoni,0.58,18.5
Megaloglossus,woermanni,0.6795,18
Melonycteris,woodfordi,1.0185,35.5
Puma,yagouaroundi,56.2,9400
Diaemus,youngi,0.97,34.6
Peromyscus,yucatanicus,0.7,26.3
Myotis,yumanensis,0.13,4.6
Rhinolophus,yunanensis,0.439,23.5
Cephalophus,zebra,83,10000
Scotonycteris,zenkeri,0.71,21.35
Vulpes,zerda,20.3,1700
Ondatra,zibethicus,5.33,900
Ondatra,zibethicus,5.59,1260
Ondatra,zibethicus,4.73,1372.9
Aotus,zonalis,109,9163
Aotus,zonalis,118,8890